[
  {
    "model": "auth.user",
    "pk": 1,
    "fields": {
      "password": "pbkdf2_sha256$1200000$6UXdGVHUXKwQ2kFOazeiYf$myPRTB7AEDjKOIIVJVSNoIsYfIGXrhxPjAYtVctKtB0=",
      "last_login": "2026-03-03T16:22:49.371Z",
      "is_superuser": true,
      "username": "admin",
      "first_name": "",
      "last_name": "",
      "email": "admin@example.com",
      "is_staff": true,
      "is_active": true,
      "date_joined": "2026-03-03T15:54:47.555Z",
      "groups": [],
      "user_permissions": []
    }
  },
  {
    "model": "auth.user",
    "pk": 2,
    "fields": {
      "password": "pbkdf2_sha256$1200000$BfmQFtZcBoVUmIsGlynjS4$dKhdaLXeCQFwcC6XN2Ytat9Mih2S6CSWqURoQcZc1c8=",
      "last_login": "2026-04-04T06:11:43.856Z",
      "is_superuser": true,
      "username": "aldiyar",
      "first_name": "",
      "last_name": "",
      "email": "",
      "is_staff": true,
      "is_active": true,
      "date_joined": "2026-04-03T11:37:03.316Z",
      "groups": [],
      "user_permissions": []
    }
  },
  {
    "model": "auth.user",
    "pk": 3,
    "fields": {
      "password": "pbkdf2_sha256$1200000$mmJziafIROHGinNGyNrxIn$ydNeywpW8+tiU/Kc7WcsGpZzrFGFw6wBIIEKf+tH1rc=",
      "last_login": null,
      "is_superuser": false,
      "username": "dina@gmail.com",
      "first_name": "",
      "last_name": "",
      "email": "dina@gmail.com",
      "is_staff": false,
      "is_active": true,
      "date_joined": "2026-04-03T12:15:46.834Z",
      "groups": [],
      "user_permissions": []
    }
  },
  {
    "model": "auth.user",
    "pk": 4,
    "fields": {
      "password": "pbkdf2_sha256$1200000$r3b2MWwVIUSKgSWr6VKxNM$hcqSlUoUe3xGVqhOup/ugpZonnP9ESl6SfRQVO0TbWk=",
      "last_login": null,
      "is_superuser": false,
      "username": "aldik1233@gmail.com",
      "first_name": "",
      "last_name": "",
      "email": "aldik1233@gmail.com",
      "is_staff": false,
      "is_active": true,
      "date_joined": "2026-04-03T12:18:56.533Z",
      "groups": [],
      "user_permissions": []
    }
  },
  {
    "model": "auth.user",
    "pk": 5,
    "fields": {
      "password": "pbkdf2_sha256$1200000$K5qhVcAJV4G7GOqV4xQYdx$K64xd0TeHz8nWjEinci5CRmah9mUqV4HlhiPRb6NbYQ=",
      "last_login": "2026-04-17T13:46:26.162Z",
      "is_superuser": true,
      "username": "Aldiyar",
      "first_name": "",
      "last_name": "",
      "email": "",
      "is_staff": true,
      "is_active": true,
      "date_joined": "2026-04-17T13:46:19.121Z",
      "groups": [],
      "user_permissions": []
    }
  },
  {
    "model": "auth.user",
    "pk": 6,
    "fields": {
      "password": "pbkdf2_sha256$1200000$f5AalmVKx9oUDM3RNq2hqK$/NHRVywc9YiYb9ZqJBhfnGpWjVIF0mwlfzEgL17F4kE=",
      "last_login": null,
      "is_superuser": false,
      "username": "alal@gmail.com",
      "first_name": "",
      "last_name": "",
      "email": "alal@gmail.com",
      "is_staff": false,
      "is_active": true,
      "date_joined": "2026-04-27T13:04:08.249Z",
      "groups": [],
      "user_permissions": []
    }
  },
  {
    "model": "auth.user",
    "pk": 7,
    "fields": {
      "password": "pbkdf2_sha256$1200000$AWNY5ecipzGdvx63AL2d8y$79sfTtH7Y9p6LKaJUoyWCFlAgzvdCzImMKIrMG1w0Ec=",
      "last_login": null,
      "is_superuser": false,
      "username": "admin@admin.com",
      "first_name": "",
      "last_name": "",
      "email": "admin@admin.com",
      "is_staff": false,
      "is_active": true,
      "date_joined": "2026-04-28T07:21:23.315Z",
      "groups": [],
      "user_permissions": []
    }
  },
  {
    "model": "products.category",
    "pk": 15,
    "fields": {
      "name": "Смартфоны"
    }
  },
  {
    "model": "products.category",
    "pk": 16,
    "fields": {
      "name": "Ноутбуки"
    }
  },
  {
    "model": "products.category",
    "pk": 17,
    "fields": {
      "name": "Телевизоры"
    }
  },
  {
    "model": "products.category",
    "pk": 18,
    "fields": {
      "name": "Планшеты"
    }
  },
  {
    "model": "products.category",
    "pk": 19,
    "fields": {
      "name": "Часы"
    }
  },
  {
    "model": "products.category",
    "pk": 20,
    "fields": {
      "name": "Аудио"
    }
  },
  {
    "model": "products.category",
    "pk": 21,
    "fields": {
      "name": "Бытовая техника"
    }
  },
  {
    "model": "products.category",
    "pk": 22,
    "fields": {
      "name": "Приставки"
    }
  },
  {
    "model": "products.product",
    "pk": 43,
    "fields": {
      "name": "Apple iPhone 15 128GB Black",
      "category": 15,
      "tags": [],
      "rating": "4.9"
    }
  },
  {
    "model": "products.product",
    "pk": 44,
    "fields": {
      "name": "Samsung Galaxy S24 Ultra 256GB",
      "category": 15,
      "tags": [],
      "rating": "4.8"
    }
  },
  {
    "model": "products.product",
    "pk": 45,
    "fields": {
      "name": "Xiaomi 14 12/512GB",
      "category": 15,
      "tags": [],
      "rating": "4.7"
    }
  },
  {
    "model": "products.product",
    "pk": 46,
    "fields": {
      "name": "Apple MacBook Air 13 M3 8/256GB",
      "category": 16,
      "tags": [],
      "rating": "4.9"
    }
  },
  {
    "model": "products.product",
    "pk": 47,
    "fields": {
      "name": "ASUS ROG Strix G16",
      "category": 16,
      "tags": [],
      "rating": "4.8"
    }
  },
  {
    "model": "products.product",
    "pk": 48,
    "fields": {
      "name": "Lenovo IdeaPad 5 Pro 16",
      "category": 16,
      "tags": [],
      "rating": "4.6"
    }
  },
  {
    "model": "products.product",
    "pk": 49,
    "fields": {
      "name": "Телевизор LG OLED55C34LA",
      "category": 17,
      "tags": [],
      "rating": "5.0"
    }
  },
  {
    "model": "products.product",
    "pk": 50,
    "fields": {
      "name": "Телевизор Samsung 50CU7100",
      "category": 17,
      "tags": [],
      "rating": "4.7"
    }
  },
  {
    "model": "products.product",
    "pk": 51,
    "fields": {
      "name": "Apple iPad Air 11 M2 128GB",
      "category": 18,
      "tags": [],
      "rating": "4.9"
    }
  },
  {
    "model": "products.product",
    "pk": 52,
    "fields": {
      "name": "Samsung Galaxy Tab S9 128GB",
      "category": 18,
      "tags": [],
      "rating": "4.8"
    }
  },
  {
    "model": "products.product",
    "pk": 53,
    "fields": {
      "name": "Apple Watch Series 9 45mm",
      "category": 19,
      "tags": [],
      "rating": "4.8"
    }
  },
  {
    "model": "products.product",
    "pk": 54,
    "fields": {
      "name": "AirPods Pro 2 USB-C",
      "category": 20,
      "tags": [],
      "rating": "4.9"
    }
  },
  {
    "model": "products.product",
    "pk": 55,
    "fields": {
      "name": "Пылесос Dyson V15 Detect",
      "category": 21,
      "tags": [],
      "rating": "5.0"
    }
  },
  {
    "model": "products.product",
    "pk": 56,
    "fields": {
      "name": "Кофемашина DeLonghi Magnifica",
      "category": 21,
      "tags": [],
      "rating": "4.7"
    }
  },
  {
    "model": "products.product",
    "pk": 57,
    "fields": {
      "name": "PlayStation 5 Slim (Blu-ray)",
      "category": 22,
      "tags": [],
      "rating": "5.0"
    }
  },
  {
    "model": "products.marketplaceoffer",
    "pk": 280,
    "fields": {
      "product": 43,
      "marketplace": "Technodom",
      "price": 389390,
      "label": "Хит продаж",
      "url": "https://www.technodom.kz/p/smartfon-apple-iphone-15-6-128gb-black-mtp03-278484",
      "last_updated_at": "2026-04-04T08:30:28.787Z"
    }
  },
  {
    "model": "products.marketplaceoffer",
    "pk": 281,
    "fields": {
      "product": 43,
      "marketplace": "Sulpak",
      "price": 395900,
      "label": "Рассрочка",
      "url": "https://www.sulpak.kz/g/smartfoniy_apple_iphone_15_128gb_black",
      "last_updated_at": "2026-04-04T08:30:32.086Z"
    }
  },
  {
    "model": "products.marketplaceoffer",
    "pk": 282,
    "fields": {
      "product": 43,
      "marketplace": "Mechta",
      "price": 399990,
      "label": "Официально",
      "url": "https://www.mechta.kz/product/smartfon-apple-iphone-15-128gb-black/",
      "last_updated_at": "2026-04-04T08:30:34.723Z"
    }
  },
  {
    "model": "products.marketplaceoffer",
    "pk": 283,
    "fields": {
      "product": 44,
      "marketplace": "Technodom",
      "price": 550200,
      "label": "Скидка",
      "url": "https://www.technodom.kz/p/smartfon-samsung-galaxy-s24-ultra-12-256gb-titanium-gray-sm-s928bztnskz-280451",
      "last_updated_at": "2026-04-04T08:30:36.972Z"
    }
  },
  {
    "model": "products.marketplaceoffer",
    "pk": 284,
    "fields": {
      "product": 44,
      "marketplace": "Sulpak",
      "price": 555800,
      "label": "Кэшбек 10%",
      "url": "https://www.sulpak.kz/g/smartfoniy_samsung_galaxy_s24_ultra_12_256gb_titanium_gray_sm_s928bztnskz",
      "last_updated_at": "2026-04-04T08:30:40.574Z"
    }
  },
  {
    "model": "products.marketplaceoffer",
    "pk": 285,
    "fields": {
      "product": 44,
      "marketplace": "Mechta",
      "price": 545300,
      "label": "Лучшая цена",
      "url": "https://www.mechta.kz/product/smartfon-samsung-galaxy-s24-ultra-12256gb-titanium-gray/",
      "last_updated_at": "2026-04-04T08:30:43.375Z"
    }
  },
  {
    "model": "products.marketplaceoffer",
    "pk": 286,
    "fields": {
      "product": 45,
      "marketplace": "Technodom",
      "price": 428600,
      "label": "В наличии",
      "url": "https://www.technodom.kz/p/smartfon-xiaomi-14-12-512gb-black-283181",
      "last_updated_at": "2026-04-04T08:30:46.595Z"
    }
  },
  {
    "model": "products.marketplaceoffer",
    "pk": 287,
    "fields": {
      "product": 45,
      "marketplace": "Sulpak",
      "price": 430290,
      "label": "Новинка",
      "url": "https://www.sulpak.kz/g/smartfoniy_xiaomi_14_12_512gb_black",
      "last_updated_at": "2026-04-04T08:30:49.400Z"
    }
  },
  {
    "model": "products.marketplaceoffer",
    "pk": 288,
    "fields": {
      "product": 46,
      "marketplace": "Technodom",
      "price": 528590,
      "label": "Студентам -5%",
      "url": "https://www.technodom.kz/p/noutbuk-apple-macbook-air-13-m3-8-256gb-midnight-mry33-282637",
      "last_updated_at": "2026-04-04T08:30:52.439Z"
    }
  },
  {
    "model": "products.marketplaceoffer",
    "pk": 289,
    "fields": {
      "product": 46,
      "marketplace": "Sulpak",
      "price": 535900,
      "label": "Официально",
      "url": "https://www.sulpak.kz/g/noutbukiy_apple_macbook_air_13_m3_8_256gb_midnight_mry33",
      "last_updated_at": "2026-04-04T08:30:55.454Z"
    }
  },
  {
    "model": "products.marketplaceoffer",
    "pk": 290,
    "fields": {
      "product": 46,
      "marketplace": "Mechta",
      "price": 530990,
      "label": "В наличии",
      "url": "https://www.mechta.kz/product/noutbuk-apple-macbook-air-13-m3-8256gb-midnight-mry33/",
      "last_updated_at": "2026-04-04T08:30:58.083Z"
    }
  },
  {
    "model": "products.marketplaceoffer",
    "pk": 291,
    "fields": {
      "product": 47,
      "marketplace": "Technodom",
      "price": 690700,
      "label": "Геймерам",
      "url": "https://www.technodom.kz/p/noutbuk-igrovoj-asus-rog-strix-g16-g614jv-n3106-271383",
      "last_updated_at": "2026-04-04T08:31:01.098Z"
    }
  },
  {
    "model": "products.marketplaceoffer",
    "pk": 292,
    "fields": {
      "product": 47,
      "marketplace": "Mechta",
      "price": 699990,
      "label": "Мощный",
      "url": "https://www.mechta.kz/product/noutbuk-asus-rog-strix-g16-g614jv-n3106/",
      "last_updated_at": "2026-04-04T08:31:03.613Z"
    }
  },
  {
    "model": "products.marketplaceoffer",
    "pk": 293,
    "fields": {
      "product": 48,
      "marketplace": "Sulpak",
      "price": 380500,
      "label": "Супер цена",
      "url": "https://www.sulpak.kz/g/noutbukiy_lenovo_ideapad_5_pro_16_ach6",
      "last_updated_at": "2026-04-04T08:31:05.931Z"
    }
  },
  {
    "model": "products.marketplaceoffer",
    "pk": 294,
    "fields": {
      "product": 48,
      "marketplace": "Alser",
      "price": 385100,
      "label": "Хит",
      "url": "https://alser.kz/p/noutbuk-lenovo-ideapad-5-pro-16ach6",
      "last_updated_at": "2026-04-04T08:31:09.372Z"
    }
  },
  {
    "model": "products.marketplaceoffer",
    "pk": 295,
    "fields": {
      "product": 49,
      "marketplace": "Technodom",
      "price": 750000,
      "label": "Premium",
      "url": "https://www.technodom.kz/p/televizor-lg-oled55c34la-271389",
      "last_updated_at": "2026-04-04T08:31:11.927Z"
    }
  },
  {
    "model": "products.marketplaceoffer",
    "pk": 296,
    "fields": {
      "product": 49,
      "marketplace": "Mechta",
      "price": 755000,
      "label": "Рассрочка 0-0-12",
      "url": "https://www.mechta.kz/product/led-televizor-lg-oled55c3rl/",
      "last_updated_at": "2026-04-04T08:31:15.753Z"
    }
  },
  {
    "model": "products.marketplaceoffer",
    "pk": 297,
    "fields": {
      "product": 50,
      "marketplace": "Sulpak",
      "price": 221400,
      "label": "Отличный выбор",
      "url": "https://www.sulpak.kz/g/televizoriy_samsung_ue50cu7100uxce",
      "last_updated_at": "2026-04-04T08:31:18.358Z"
    }
  },
  {
    "model": "products.marketplaceoffer",
    "pk": 298,
    "fields": {
      "product": 50,
      "marketplace": "Alser",
      "price": 223790,
      "label": "В наличии",
      "url": "https://alser.kz/p/televizor-samsung-ue50cu7100uxce",
      "last_updated_at": "2026-04-04T08:31:21.586Z"
    }
  },
  {
    "model": "products.marketplaceoffer",
    "pk": 299,
    "fields": {
      "product": 51,
      "marketplace": "Technodom",
      "price": 360490,
      "label": "Новинка",
      "url": "https://www.technodom.kz/p/planshet-apple-ipad-air-11-2024-wi-fi-128gb-space-grey-muwc3-285633",
      "last_updated_at": "2026-04-04T08:31:24.427Z"
    }
  },
  {
    "model": "products.marketplaceoffer",
    "pk": 300,
    "fields": {
      "product": 51,
      "marketplace": "Mechta",
      "price": 355000,
      "label": "Скидка",
      "url": "https://www.mechta.kz/product/planshet-apple-ipad-air-11-2024-wi-fi-128gb-space-gray/",
      "last_updated_at": "2026-04-04T08:31:27.959Z"
    }
  },
  {
    "model": "products.marketplaceoffer",
    "pk": 301,
    "fields": {
      "product": 52,
      "marketplace": "Sulpak",
      "price": 409600,
      "label": "Подарок наушники",
      "url": "https://www.sulpak.kz/g/planshetiy_samsung_galaxy_tab_s9_128gb_gray",
      "last_updated_at": "2026-04-04T08:31:30.609Z"
    }
  },
  {
    "model": "products.marketplaceoffer",
    "pk": 302,
    "fields": {
      "product": 52,
      "marketplace": "Alser",
      "price": 415000,
      "label": "Официально",
      "url": "https://alser.kz/p/planshet-samsung-galaxy-tab-s9-11-128gb-gray",
      "last_updated_at": "2026-04-04T08:31:33.956Z"
    }
  },
  {
    "model": "products.marketplaceoffer",
    "pk": 303,
    "fields": {
      "product": 53,
      "marketplace": "Technodom",
      "price": 221000,
      "label": "Топ",
      "url": "https://www.technodom.kz/p/smart-chasy-apple-watch-series-9-45mm-midnight-271015",
      "last_updated_at": "2026-04-04T08:31:37.562Z"
    }
  },
  {
    "model": "products.marketplaceoffer",
    "pk": 304,
    "fields": {
      "product": 53,
      "marketplace": "Sulpak",
      "price": 218790,
      "label": "Акция",
      "url": "https://www.sulpak.kz/g/umniye_chasiy_apple_watch_series_9_45mm_midnight",
      "last_updated_at": "2026-04-04T08:31:40.367Z"
    }
  },
  {
    "model": "products.marketplaceoffer",
    "pk": 305,
    "fields": {
      "product": 54,
      "marketplace": "Technodom",
      "price": 125000,
      "label": "Адаптивное аудио",
      "url": "https://www.technodom.kz/p/naushniki-apple-airpods-pro-2-s-zaryadnym-futlyarom-magm-272098",
      "last_updated_at": "2026-04-04T08:31:42.568Z"
    }
  },
  {
    "model": "products.marketplaceoffer",
    "pk": 306,
    "fields": {
      "product": 54,
      "marketplace": "Mechta",
      "price": 121900,
      "label": "Шумоподавление",
      "url": "https://www.mechta.kz/product/naushniki-apple-airpods-pro-2-usb-c/",
      "last_updated_at": "2026-04-04T08:31:45.804Z"
    }
  },
  {
    "model": "products.marketplaceoffer",
    "pk": 307,
    "fields": {
      "product": 55,
      "marketplace": "Sulpak",
      "price": 443600,
      "label": "Оригинал",
      "url": "https://www.sulpak.kz/g/piylesosiy_dyson_v15_sv47_detect_absolute",
      "last_updated_at": "2026-04-04T08:31:49.331Z"
    }
  },
  {
    "model": "products.marketplaceoffer",
    "pk": 308,
    "fields": {
      "product": 55,
      "marketplace": "Mechta",
      "price": 449990,
      "label": "Бестселлер",
      "url": "https://www.mechta.kz/product/pylesos-dyson-v15-detect-absolute-447000-01/",
      "last_updated_at": "2026-04-04T08:31:52.683Z"
    }
  },
  {
    "model": "products.marketplaceoffer",
    "pk": 309,
    "fields": {
      "product": 56,
      "marketplace": "Technodom",
      "price": 189900,
      "label": "Идеальный кофе",
      "url": "https://www.technodom.kz/p/kofemashina-delonghi-ecam-22-110-b-63231",
      "last_updated_at": "2026-04-04T08:31:55.197Z"
    }
  },
  {
    "model": "products.marketplaceoffer",
    "pk": 310,
    "fields": {
      "product": 56,
      "marketplace": "Alser",
      "price": 186700,
      "label": "Скидка",
      "url": "https://alser.kz/p/kofemashina-avtomaticheskaya-delonghi-ecam-22110b",
      "last_updated_at": "2026-04-04T08:31:58.012Z"
    }
  },
  {
    "model": "products.marketplaceoffer",
    "pk": 311,
    "fields": {
      "product": 57,
      "marketplace": "Technodom",
      "price": 289400,
      "label": "Гарантия",
      "url": "https://www.technodom.kz/p/igrovaja-pristavka-sony-playstation-5-slim-1tb-276329",
      "last_updated_at": "2026-04-04T08:32:00.352Z"
    }
  },
  {
    "model": "products.marketplaceoffer",
    "pk": 312,
    "fields": {
      "product": 57,
      "marketplace": "Sulpak",
      "price": 286790,
      "label": "Топ продаж",
      "url": "https://www.sulpak.kz/g/igroviye_pristavki_sony_playstation_5_slim",
      "last_updated_at": "2026-04-04T08:32:02.944Z"
    }
  },
  {
    "model": "products.marketplaceoffer",
    "pk": 313,
    "fields": {
      "product": 57,
      "marketplace": "Mechta",
      "price": 289990,
      "label": "Уже в наличии",
      "url": "https://www.mechta.kz/product/igrovaya-konsol-sony-playstation-5-slim/",
      "last_updated_at": "2026-04-04T08:32:06.279Z"
    }
  },
  {
    "model": "products.feature",
    "pk": 57,
    "fields": {
      "category": 15,
      "name": "Камера"
    }
  },
  {
    "model": "products.feature",
    "pk": 58,
    "fields": {
      "category": 15,
      "name": "Экран"
    }
  },
  {
    "model": "products.feature",
    "pk": 59,
    "fields": {
      "category": 15,
      "name": "Производительность"
    }
  },
  {
    "model": "products.feature",
    "pk": 60,
    "fields": {
      "category": 15,
      "name": "Батарея"
    }
  },
  {
    "model": "products.feature",
    "pk": 61,
    "fields": {
      "category": 15,
      "name": "Эргономика"
    }
  },
  {
    "model": "products.feature",
    "pk": 62,
    "fields": {
      "category": 16,
      "name": "Экран"
    }
  },
  {
    "model": "products.feature",
    "pk": 63,
    "fields": {
      "category": 16,
      "name": "Производительность"
    }
  },
  {
    "model": "products.feature",
    "pk": 64,
    "fields": {
      "category": 16,
      "name": "Автономность"
    }
  },
  {
    "model": "products.feature",
    "pk": 65,
    "fields": {
      "category": 16,
      "name": "Портативность"
    }
  },
  {
    "model": "products.feature",
    "pk": 66,
    "fields": {
      "category": 16,
      "name": "Клавиатура"
    }
  },
  {
    "model": "products.feature",
    "pk": 67,
    "fields": {
      "category": 17,
      "name": "Экран"
    }
  },
  {
    "model": "products.feature",
    "pk": 68,
    "fields": {
      "category": 17,
      "name": "Звук"
    }
  },
  {
    "model": "products.feature",
    "pk": 69,
    "fields": {
      "category": 17,
      "name": "Интерфейс"
    }
  },
  {
    "model": "products.feature",
    "pk": 70,
    "fields": {
      "category": 17,
      "name": "Игровой режим"
    }
  },
  {
    "model": "products.feature",
    "pk": 71,
    "fields": {
      "category": 17,
      "name": "Дизайн"
    }
  },
  {
    "model": "products.feature",
    "pk": 72,
    "fields": {
      "category": 18,
      "name": "Экран"
    }
  },
  {
    "model": "products.feature",
    "pk": 73,
    "fields": {
      "category": 18,
      "name": "Производительность"
    }
  },
  {
    "model": "products.feature",
    "pk": 74,
    "fields": {
      "category": 18,
      "name": "Батарея"
    }
  },
  {
    "model": "products.feature",
    "pk": 75,
    "fields": {
      "category": 18,
      "name": "Стилус"
    }
  },
  {
    "model": "products.feature",
    "pk": 76,
    "fields": {
      "category": 18,
      "name": "Эргономика"
    }
  },
  {
    "model": "products.feature",
    "pk": 77,
    "fields": {
      "category": 19,
      "name": "Экран"
    }
  },
  {
    "model": "products.feature",
    "pk": 78,
    "fields": {
      "category": 19,
      "name": "Спорт. функции"
    }
  },
  {
    "model": "products.feature",
    "pk": 79,
    "fields": {
      "category": 19,
      "name": "Батарея"
    }
  },
  {
    "model": "products.feature",
    "pk": 80,
    "fields": {
      "category": 19,
      "name": "Дизайн"
    }
  },
  {
    "model": "products.feature",
    "pk": 81,
    "fields": {
      "category": 19,
      "name": "Экосистема"
    }
  },
  {
    "model": "products.feature",
    "pk": 82,
    "fields": {
      "category": 20,
      "name": "Звук"
    }
  },
  {
    "model": "products.feature",
    "pk": 83,
    "fields": {
      "category": 20,
      "name": "Шумоподавление"
    }
  },
  {
    "model": "products.feature",
    "pk": 84,
    "fields": {
      "category": 20,
      "name": "Микрофон"
    }
  },
  {
    "model": "products.feature",
    "pk": 85,
    "fields": {
      "category": 20,
      "name": "Батарея"
    }
  },
  {
    "model": "products.feature",
    "pk": 86,
    "fields": {
      "category": 20,
      "name": "Эргономика"
    }
  },
  {
    "model": "products.feature",
    "pk": 87,
    "fields": {
      "category": 21,
      "name": "Эффективность"
    }
  },
  {
    "model": "products.feature",
    "pk": 88,
    "fields": {
      "category": 21,
      "name": "Уровень шума"
    }
  },
  {
    "model": "products.feature",
    "pk": 89,
    "fields": {
      "category": 21,
      "name": "Функционал"
    }
  },
  {
    "model": "products.feature",
    "pk": 90,
    "fields": {
      "category": 21,
      "name": "Дизайн"
    }
  },
  {
    "model": "products.feature",
    "pk": 91,
    "fields": {
      "category": 21,
      "name": "Энергопередача"
    }
  },
  {
    "model": "products.feature",
    "pk": 92,
    "fields": {
      "category": 22,
      "name": "Производительность"
    }
  },
  {
    "model": "products.feature",
    "pk": 93,
    "fields": {
      "category": 22,
      "name": "Эксклюзивы"
    }
  },
  {
    "model": "products.feature",
    "pk": 94,
    "fields": {
      "category": 22,
      "name": "Геймпад"
    }
  },
  {
    "model": "products.feature",
    "pk": 95,
    "fields": {
      "category": 22,
      "name": "Уровень шума"
    }
  },
  {
    "model": "products.feature",
    "pk": 96,
    "fields": {
      "category": 22,
      "name": "Дизайн"
    }
  },
  {
    "model": "products.productfeaturescore",
    "pk": 76,
    "fields": {
      "product": 43,
      "feature": 57,
      "score": 9
    }
  },
  {
    "model": "products.productfeaturescore",
    "pk": 77,
    "fields": {
      "product": 43,
      "feature": 58,
      "score": 9
    }
  },
  {
    "model": "products.productfeaturescore",
    "pk": 78,
    "fields": {
      "product": 43,
      "feature": 59,
      "score": 9
    }
  },
  {
    "model": "products.productfeaturescore",
    "pk": 79,
    "fields": {
      "product": 43,
      "feature": 60,
      "score": 8
    }
  },
  {
    "model": "products.productfeaturescore",
    "pk": 80,
    "fields": {
      "product": 43,
      "feature": 61,
      "score": 9
    }
  },
  {
    "model": "products.productfeaturescore",
    "pk": 81,
    "fields": {
      "product": 44,
      "feature": 57,
      "score": 10
    }
  },
  {
    "model": "products.productfeaturescore",
    "pk": 82,
    "fields": {
      "product": 44,
      "feature": 58,
      "score": 10
    }
  },
  {
    "model": "products.productfeaturescore",
    "pk": 83,
    "fields": {
      "product": 44,
      "feature": 59,
      "score": 10
    }
  },
  {
    "model": "products.productfeaturescore",
    "pk": 84,
    "fields": {
      "product": 44,
      "feature": 60,
      "score": 9
    }
  },
  {
    "model": "products.productfeaturescore",
    "pk": 85,
    "fields": {
      "product": 44,
      "feature": 61,
      "score": 7
    }
  },
  {
    "model": "products.productfeaturescore",
    "pk": 86,
    "fields": {
      "product": 45,
      "feature": 57,
      "score": 8
    }
  },
  {
    "model": "products.productfeaturescore",
    "pk": 87,
    "fields": {
      "product": 45,
      "feature": 58,
      "score": 8
    }
  },
  {
    "model": "products.productfeaturescore",
    "pk": 88,
    "fields": {
      "product": 45,
      "feature": 59,
      "score": 9
    }
  },
  {
    "model": "products.productfeaturescore",
    "pk": 89,
    "fields": {
      "product": 45,
      "feature": 60,
      "score": 9
    }
  },
  {
    "model": "products.productfeaturescore",
    "pk": 90,
    "fields": {
      "product": 45,
      "feature": 61,
      "score": 8
    }
  },
  {
    "model": "products.productfeaturescore",
    "pk": 91,
    "fields": {
      "product": 46,
      "feature": 62,
      "score": 9
    }
  },
  {
    "model": "products.productfeaturescore",
    "pk": 92,
    "fields": {
      "product": 46,
      "feature": 63,
      "score": 8
    }
  },
  {
    "model": "products.productfeaturescore",
    "pk": 93,
    "fields": {
      "product": 46,
      "feature": 64,
      "score": 10
    }
  },
  {
    "model": "products.productfeaturescore",
    "pk": 94,
    "fields": {
      "product": 46,
      "feature": 65,
      "score": 10
    }
  },
  {
    "model": "products.productfeaturescore",
    "pk": 95,
    "fields": {
      "product": 46,
      "feature": 66,
      "score": 7
    }
  },
  {
    "model": "products.productfeaturescore",
    "pk": 96,
    "fields": {
      "product": 47,
      "feature": 62,
      "score": 8
    }
  },
  {
    "model": "products.productfeaturescore",
    "pk": 97,
    "fields": {
      "product": 47,
      "feature": 63,
      "score": 10
    }
  },
  {
    "model": "products.productfeaturescore",
    "pk": 98,
    "fields": {
      "product": 47,
      "feature": 64,
      "score": 4
    }
  },
  {
    "model": "products.productfeaturescore",
    "pk": 99,
    "fields": {
      "product": 47,
      "feature": 65,
      "score": 3
    }
  },
  {
    "model": "products.productfeaturescore",
    "pk": 100,
    "fields": {
      "product": 47,
      "feature": 66,
      "score": 7
    }
  },
  {
    "model": "products.productfeaturescore",
    "pk": 101,
    "fields": {
      "product": 48,
      "feature": 62,
      "score": 8
    }
  },
  {
    "model": "products.productfeaturescore",
    "pk": 102,
    "fields": {
      "product": 48,
      "feature": 63,
      "score": 7
    }
  },
  {
    "model": "products.productfeaturescore",
    "pk": 103,
    "fields": {
      "product": 48,
      "feature": 64,
      "score": 7
    }
  },
  {
    "model": "products.productfeaturescore",
    "pk": 104,
    "fields": {
      "product": 48,
      "feature": 65,
      "score": 7
    }
  },
  {
    "model": "products.productfeaturescore",
    "pk": 105,
    "fields": {
      "product": 48,
      "feature": 66,
      "score": 7
    }
  },
  {
    "model": "products.productfeaturescore",
    "pk": 106,
    "fields": {
      "product": 49,
      "feature": 67,
      "score": 10
    }
  },
  {
    "model": "products.productfeaturescore",
    "pk": 107,
    "fields": {
      "product": 49,
      "feature": 68,
      "score": 7
    }
  },
  {
    "model": "products.productfeaturescore",
    "pk": 108,
    "fields": {
      "product": 49,
      "feature": 69,
      "score": 7
    }
  },
  {
    "model": "products.productfeaturescore",
    "pk": 109,
    "fields": {
      "product": 49,
      "feature": 70,
      "score": 7
    }
  },
  {
    "model": "products.productfeaturescore",
    "pk": 110,
    "fields": {
      "product": 49,
      "feature": 71,
      "score": 7
    }
  },
  {
    "model": "products.productfeaturescore",
    "pk": 111,
    "fields": {
      "product": 50,
      "feature": 67,
      "score": 7
    }
  },
  {
    "model": "products.productfeaturescore",
    "pk": 112,
    "fields": {
      "product": 50,
      "feature": 68,
      "score": 7
    }
  },
  {
    "model": "products.productfeaturescore",
    "pk": 113,
    "fields": {
      "product": 50,
      "feature": 69,
      "score": 7
    }
  },
  {
    "model": "products.productfeaturescore",
    "pk": 114,
    "fields": {
      "product": 50,
      "feature": 70,
      "score": 7
    }
  },
  {
    "model": "products.productfeaturescore",
    "pk": 115,
    "fields": {
      "product": 50,
      "feature": 71,
      "score": 7
    }
  },
  {
    "model": "products.productfeaturescore",
    "pk": 116,
    "fields": {
      "product": 51,
      "feature": 72,
      "score": 9
    }
  },
  {
    "model": "products.productfeaturescore",
    "pk": 117,
    "fields": {
      "product": 51,
      "feature": 73,
      "score": 9
    }
  },
  {
    "model": "products.productfeaturescore",
    "pk": 118,
    "fields": {
      "product": 51,
      "feature": 74,
      "score": 7
    }
  },
  {
    "model": "products.productfeaturescore",
    "pk": 119,
    "fields": {
      "product": 51,
      "feature": 75,
      "score": 7
    }
  },
  {
    "model": "products.productfeaturescore",
    "pk": 120,
    "fields": {
      "product": 51,
      "feature": 76,
      "score": 7
    }
  },
  {
    "model": "products.productfeaturescore",
    "pk": 121,
    "fields": {
      "product": 52,
      "feature": 72,
      "score": 10
    }
  },
  {
    "model": "products.productfeaturescore",
    "pk": 122,
    "fields": {
      "product": 52,
      "feature": 73,
      "score": 9
    }
  },
  {
    "model": "products.productfeaturescore",
    "pk": 123,
    "fields": {
      "product": 52,
      "feature": 74,
      "score": 7
    }
  },
  {
    "model": "products.productfeaturescore",
    "pk": 124,
    "fields": {
      "product": 52,
      "feature": 75,
      "score": 7
    }
  },
  {
    "model": "products.productfeaturescore",
    "pk": 125,
    "fields": {
      "product": 52,
      "feature": 76,
      "score": 7
    }
  },
  {
    "model": "products.productfeaturescore",
    "pk": 126,
    "fields": {
      "product": 53,
      "feature": 77,
      "score": 7
    }
  },
  {
    "model": "products.productfeaturescore",
    "pk": 127,
    "fields": {
      "product": 53,
      "feature": 78,
      "score": 7
    }
  },
  {
    "model": "products.productfeaturescore",
    "pk": 128,
    "fields": {
      "product": 53,
      "feature": 79,
      "score": 7
    }
  },
  {
    "model": "products.productfeaturescore",
    "pk": 129,
    "fields": {
      "product": 53,
      "feature": 80,
      "score": 7
    }
  },
  {
    "model": "products.productfeaturescore",
    "pk": 130,
    "fields": {
      "product": 53,
      "feature": 81,
      "score": 7
    }
  },
  {
    "model": "products.productfeaturescore",
    "pk": 131,
    "fields": {
      "product": 54,
      "feature": 82,
      "score": 7
    }
  },
  {
    "model": "products.productfeaturescore",
    "pk": 132,
    "fields": {
      "product": 54,
      "feature": 83,
      "score": 7
    }
  },
  {
    "model": "products.productfeaturescore",
    "pk": 133,
    "fields": {
      "product": 54,
      "feature": 84,
      "score": 7
    }
  },
  {
    "model": "products.productfeaturescore",
    "pk": 134,
    "fields": {
      "product": 54,
      "feature": 85,
      "score": 7
    }
  },
  {
    "model": "products.productfeaturescore",
    "pk": 135,
    "fields": {
      "product": 54,
      "feature": 86,
      "score": 7
    }
  },
  {
    "model": "products.productfeaturescore",
    "pk": 136,
    "fields": {
      "product": 55,
      "feature": 87,
      "score": 10
    }
  },
  {
    "model": "products.productfeaturescore",
    "pk": 137,
    "fields": {
      "product": 55,
      "feature": 88,
      "score": 7
    }
  },
  {
    "model": "products.productfeaturescore",
    "pk": 138,
    "fields": {
      "product": 55,
      "feature": 89,
      "score": 9
    }
  },
  {
    "model": "products.productfeaturescore",
    "pk": 139,
    "fields": {
      "product": 55,
      "feature": 90,
      "score": 7
    }
  },
  {
    "model": "products.productfeaturescore",
    "pk": 140,
    "fields": {
      "product": 55,
      "feature": 91,
      "score": 7
    }
  },
  {
    "model": "products.productfeaturescore",
    "pk": 141,
    "fields": {
      "product": 56,
      "feature": 87,
      "score": 9
    }
  },
  {
    "model": "products.productfeaturescore",
    "pk": 142,
    "fields": {
      "product": 56,
      "feature": 88,
      "score": 6
    }
  },
  {
    "model": "products.productfeaturescore",
    "pk": 143,
    "fields": {
      "product": 56,
      "feature": 89,
      "score": 9
    }
  },
  {
    "model": "products.productfeaturescore",
    "pk": 144,
    "fields": {
      "product": 56,
      "feature": 90,
      "score": 7
    }
  },
  {
    "model": "products.productfeaturescore",
    "pk": 145,
    "fields": {
      "product": 56,
      "feature": 91,
      "score": 7
    }
  },
  {
    "model": "products.productfeaturescore",
    "pk": 146,
    "fields": {
      "product": 57,
      "feature": 92,
      "score": 9
    }
  },
  {
    "model": "products.productfeaturescore",
    "pk": 147,
    "fields": {
      "product": 57,
      "feature": 93,
      "score": 7
    }
  },
  {
    "model": "products.productfeaturescore",
    "pk": 148,
    "fields": {
      "product": 57,
      "feature": 94,
      "score": 7
    }
  },
  {
    "model": "products.productfeaturescore",
    "pk": 149,
    "fields": {
      "product": 57,
      "feature": 95,
      "score": 7
    }
  },
  {
    "model": "products.productfeaturescore",
    "pk": 150,
    "fields": {
      "product": 57,
      "feature": 96,
      "score": 7
    }
  },
  {
    "model": "accounts.accountcredential",
    "pk": 5,
    "fields": {
      "email": "dina@gmail.com",
      "password": "12111",
      "generated_code": "905243",
      "user_code": null,
      "is_verified": true,
      "created_at": "2026-04-03T12:15:40.791Z"
    }
  },
  {
    "model": "accounts.accountcredential",
    "pk": 6,
    "fields": {
      "email": "aldiyar123@gmail.com",
      "password": "123",
      "generated_code": "223523",
      "user_code": " 22352",
      "is_verified": false,
      "created_at": "2026-04-03T12:18:14.064Z"
    }
  },
  {
    "model": "accounts.accountcredential",
    "pk": 7,
    "fields": {
      "email": "aldik1233@gmail.com",
      "password": "123",
      "generated_code": "926876",
      "user_code": null,
      "is_verified": true,
      "created_at": "2026-04-03T12:18:48.906Z"
    }
  },
  {
    "model": "accounts.accountcredential",
    "pk": 8,
    "fields": {
      "email": "admin@admin.com",
      "password": "12345",
      "generated_code": "670830",
      "user_code": "670830",
      "is_verified": true,
      "created_at": "2026-04-23T11:06:16.949Z"
    }
  },
  {
    "model": "accounts.accountcredential",
    "pk": 9,
    "fields": {
      "email": "alal@gmail.com",
      "password": "123",
      "generated_code": "243632",
      "user_code": "243632",
      "is_verified": true,
      "created_at": "2026-04-27T13:04:02.472Z"
    }
  },
  {
    "model": "accounts.accountcredential",
    "pk": 10,
    "fields": {
      "email": "admin@admin.com",
      "password": "12345",
      "generated_code": "172853",
      "user_code": "172853",
      "is_verified": true,
      "created_at": "2026-04-28T07:21:14.949Z"
    }
  }
]